,id,title
0,278,The Shawshank Redemption
1,238,The Godfather
2,240,The Godfather Part II
3,424,Schindler's List
4,389,12 Angry Men
5,19404,Dilwale Dulhania Le Jayenge
6,129,Spirited Away
7,155,The Dark Knight
8,496243,Parasite
9,497,The Green Mile
10,372058,Your Name.
11,680,Pulp Fiction
12,122,The Lord of the Rings: The Return of the King
13,13,Forrest Gump
14,429,"The Good, the Bad and the Ugly"
15,769,GoodFellas
16,346,Seven Samurai
17,12477,Grave of the Fireflies
18,637,Life Is Beautiful
19,11216,Cinema Paradiso
20,278,The Shawshank Redemption
21,238,The Godfather
22,240,The Godfather Part II
23,424,Schindler's List
24,389,12 Angry Men
25,19404,Dilwale Dulhania Le Jayenge
26,129,Spirited Away
27,155,The Dark Knight
28,496243,Parasite
29,497,The Green Mile
30,372058,Your Name.
31,680,Pulp Fiction
32,122,The Lord of the Rings: The Return of the King
33,13,Forrest Gump
34,429,"The Good, the Bad and the Ugly"
35,769,GoodFellas
36,346,Seven Samurai
37,12477,Grave of the Fireflies
38,637,Life Is Beautiful
39,11216,Cinema Paradiso
40,278,The Shawshank Redemption
41,238,The Godfather
42,240,The Godfather Part II
43,424,Schindler's List
44,389,12 Angry Men
45,19404,Dilwale Dulhania Le Jayenge
46,129,Spirited Away
47,155,The Dark Knight
48,496243,Parasite
49,497,The Green Mile
50,372058,Your Name.
51,680,Pulp Fiction
52,122,The Lord of the Rings: The Return of the King
53,13,Forrest Gump
54,429,"The Good, the Bad and the Ugly"
55,769,GoodFellas
56,346,Seven Samurai
57,12477,Grave of the Fireflies
58,637,Life Is Beautiful
59,11216,Cinema Paradiso
60,278,The Shawshank Redemption
61,238,The Godfather
62,240,The Godfather Part II
63,424,Schindler's List
64,389,12 Angry Men
65,19404,Dilwale Dulhania Le Jayenge
66,129,Spirited Away
67,155,The Dark Knight
68,496243,Parasite
69,497,The Green Mile
70,372058,Your Name.
71,680,Pulp Fiction
72,122,The Lord of the Rings: The Return of the King
73,13,Forrest Gump
74,429,"The Good, the Bad and the Ugly"
75,769,GoodFellas
76,346,Seven Samurai
77,12477,Grave of the Fireflies
78,637,Life Is Beautiful
79,11216,Cinema Paradiso
80,278,The Shawshank Redemption
81,238,The Godfather
82,240,The Godfather Part II
83,424,Schindler's List
84,389,12 Angry Men
85,19404,Dilwale Dulhania Le Jayenge
86,129,Spirited Away
87,155,The Dark Knight
88,496243,Parasite
89,497,The Green Mile
90,372058,Your Name.
91,680,Pulp Fiction
92,122,The Lord of the Rings: The Return of the King
93,13,Forrest Gump
94,429,"The Good, the Bad and the Ugly"
95,769,GoodFellas
96,346,Seven Samurai
97,12477,Grave of the Fireflies
98,637,Life Is Beautiful
99,11216,Cinema Paradiso
100,278,The Shawshank Redemption
101,238,The Godfather
102,240,The Godfather Part II
103,424,Schindler's List
104,389,12 Angry Men
105,19404,Dilwale Dulhania Le Jayenge
106,129,Spirited Away
107,155,The Dark Knight
108,496243,Parasite
109,497,The Green Mile
110,372058,Your Name.
111,680,Pulp Fiction
112,122,The Lord of the Rings: The Return of the King
113,13,Forrest Gump
114,429,"The Good, the Bad and the Ugly"
115,769,GoodFellas
116,346,Seven Samurai
117,12477,Grave of the Fireflies
118,637,Life Is Beautiful
119,11216,Cinema Paradiso
120,278,The Shawshank Redemption
121,238,The Godfather
122,240,The Godfather Part II
123,424,Schindler's List
124,389,12 Angry Men
125,19404,Dilwale Dulhania Le Jayenge
126,129,Spirited Away
127,155,The Dark Knight
128,496243,Parasite
129,497,The Green Mile
130,372058,Your Name.
131,680,Pulp Fiction
132,122,The Lord of the Rings: The Return of the King
133,13,Forrest Gump
134,429,"The Good, the Bad and the Ugly"
135,769,GoodFellas
136,346,Seven Samurai
137,12477,Grave of the Fireflies
138,637,Life Is Beautiful
139,11216,Cinema Paradiso
140,278,The Shawshank Redemption
141,238,The Godfather
142,240,The Godfather Part II
143,424,Schindler's List
144,389,12 Angry Men
145,19404,Dilwale Dulhania Le Jayenge
146,129,Spirited Away
147,155,The Dark Knight
148,496243,Parasite
149,497,The Green Mile
150,372058,Your Name.
151,680,Pulp Fiction
152,122,The Lord of the Rings: The Return of the King
153,13,Forrest Gump
154,429,"The Good, the Bad and the Ugly"
155,769,GoodFellas
156,346,Seven Samurai
157,12477,Grave of the Fireflies
158,637,Life Is Beautiful
159,11216,Cinema Paradiso
160,278,The Shawshank Redemption
161,238,The Godfather
162,240,The Godfather Part II
163,424,Schindler's List
164,389,12 Angry Men
165,19404,Dilwale Dulhania Le Jayenge
166,129,Spirited Away
167,155,The Dark Knight
168,496243,Parasite
169,497,The Green Mile
170,372058,Your Name.
171,680,Pulp Fiction
172,122,The Lord of the Rings: The Return of the King
173,13,Forrest Gump
174,429,"The Good, the Bad and the Ugly"
175,769,GoodFellas
176,346,Seven Samurai
177,12477,Grave of the Fireflies
178,637,Life Is Beautiful
179,11216,Cinema Paradiso
180,278,The Shawshank Redemption
181,238,The Godfather
182,240,The Godfather Part II
183,424,Schindler's List
184,389,12 Angry Men
185,19404,Dilwale Dulhania Le Jayenge
186,129,Spirited Away
187,155,The Dark Knight
188,496243,Parasite
189,497,The Green Mile
190,372058,Your Name.
191,680,Pulp Fiction
192,122,The Lord of the Rings: The Return of the King
193,13,Forrest Gump
194,429,"The Good, the Bad and the Ugly"
195,769,GoodFellas
196,346,Seven Samurai
197,12477,Grave of the Fireflies
198,637,Life Is Beautiful
199,11216,Cinema Paradiso
200,278,The Shawshank Redemption
201,238,The Godfather
202,240,The Godfather Part II
203,424,Schindler's List
204,389,12 Angry Men
205,19404,Dilwale Dulhania Le Jayenge
206,129,Spirited Away
207,155,The Dark Knight
208,496243,Parasite
209,497,The Green Mile
210,372058,Your Name.
211,680,Pulp Fiction
212,122,The Lord of the Rings: The Return of the King
213,13,Forrest Gump
214,429,"The Good, the Bad and the Ugly"
215,769,GoodFellas
216,346,Seven Samurai
217,12477,Grave of the Fireflies
218,637,Life Is Beautiful
219,11216,Cinema Paradiso
220,278,The Shawshank Redemption
221,238,The Godfather
222,240,The Godfather Part II
223,424,Schindler's List
224,389,12 Angry Men
225,19404,Dilwale Dulhania Le Jayenge
226,129,Spirited Away
227,155,The Dark Knight
228,496243,Parasite
229,497,The Green Mile
230,372058,Your Name.
231,680,Pulp Fiction
232,122,The Lord of the Rings: The Return of the King
233,13,Forrest Gump
234,429,"The Good, the Bad and the Ugly"
235,769,GoodFellas
236,346,Seven Samurai
237,12477,Grave of the Fireflies
238,637,Life Is Beautiful
239,11216,Cinema Paradiso
240,278,The Shawshank Redemption
241,238,The Godfather
242,240,The Godfather Part II
243,424,Schindler's List
244,389,12 Angry Men
245,19404,Dilwale Dulhania Le Jayenge
246,129,Spirited Away
247,155,The Dark Knight
248,496243,Parasite
249,497,The Green Mile
250,372058,Your Name.
251,680,Pulp Fiction
252,122,The Lord of the Rings: The Return of the King
253,13,Forrest Gump
254,429,"The Good, the Bad and the Ugly"
255,769,GoodFellas
256,346,Seven Samurai
257,12477,Grave of the Fireflies
258,637,Life Is Beautiful
259,11216,Cinema Paradiso
260,278,The Shawshank Redemption
261,238,The Godfather
262,240,The Godfather Part II
263,424,Schindler's List
264,389,12 Angry Men
265,19404,Dilwale Dulhania Le Jayenge
266,129,Spirited Away
267,155,The Dark Knight
268,496243,Parasite
269,497,The Green Mile
270,372058,Your Name.
271,680,Pulp Fiction
272,122,The Lord of the Rings: The Return of the King
273,13,Forrest Gump
274,429,"The Good, the Bad and the Ugly"
275,769,GoodFellas
276,346,Seven Samurai
277,12477,Grave of the Fireflies
278,637,Life Is Beautiful
279,11216,Cinema Paradiso
280,278,The Shawshank Redemption
281,238,The Godfather
282,240,The Godfather Part II
283,424,Schindler's List
284,389,12 Angry Men
285,19404,Dilwale Dulhania Le Jayenge
286,129,Spirited Away
287,155,The Dark Knight
288,496243,Parasite
289,497,The Green Mile
290,372058,Your Name.
291,680,Pulp Fiction
292,122,The Lord of the Rings: The Return of the King
293,13,Forrest Gump
294,429,"The Good, the Bad and the Ugly"
295,769,GoodFellas
296,346,Seven Samurai
297,12477,Grave of the Fireflies
298,637,Life Is Beautiful
299,11216,Cinema Paradiso
300,278,The Shawshank Redemption
301,238,The Godfather
302,240,The Godfather Part II
303,424,Schindler's List
304,389,12 Angry Men
305,19404,Dilwale Dulhania Le Jayenge
306,129,Spirited Away
307,155,The Dark Knight
308,496243,Parasite
309,497,The Green Mile
310,372058,Your Name.
311,680,Pulp Fiction
312,122,The Lord of the Rings: The Return of the King
313,13,Forrest Gump
314,429,"The Good, the Bad and the Ugly"
315,769,GoodFellas
316,346,Seven Samurai
317,12477,Grave of the Fireflies
318,637,Life Is Beautiful
319,11216,Cinema Paradiso
320,278,The Shawshank Redemption
321,238,The Godfather
322,240,The Godfather Part II
323,424,Schindler's List
324,389,12 Angry Men
325,19404,Dilwale Dulhania Le Jayenge
326,129,Spirited Away
327,155,The Dark Knight
328,496243,Parasite
329,497,The Green Mile
330,372058,Your Name.
331,680,Pulp Fiction
332,122,The Lord of the Rings: The Return of the King
333,13,Forrest Gump
334,429,"The Good, the Bad and the Ugly"
335,769,GoodFellas
336,346,Seven Samurai
337,12477,Grave of the Fireflies
338,637,Life Is Beautiful
339,11216,Cinema Paradiso
340,278,The Shawshank Redemption
341,238,The Godfather
342,240,The Godfather Part II
343,424,Schindler's List
344,389,12 Angry Men
345,19404,Dilwale Dulhania Le Jayenge
346,129,Spirited Away
347,155,The Dark Knight
348,496243,Parasite
349,497,The Green Mile
350,372058,Your Name.
351,680,Pulp Fiction
352,122,The Lord of the Rings: The Return of the King
353,13,Forrest Gump
354,429,"The Good, the Bad and the Ugly"
355,769,GoodFellas
356,346,Seven Samurai
357,12477,Grave of the Fireflies
358,637,Life Is Beautiful
359,11216,Cinema Paradiso
360,278,The Shawshank Redemption
361,238,The Godfather
362,240,The Godfather Part II
363,424,Schindler's List
364,389,12 Angry Men
365,19404,Dilwale Dulhania Le Jayenge
366,129,Spirited Away
367,155,The Dark Knight
368,496243,Parasite
369,497,The Green Mile
370,372058,Your Name.
371,680,Pulp Fiction
372,122,The Lord of the Rings: The Return of the King
373,13,Forrest Gump
374,429,"The Good, the Bad and the Ugly"
375,769,GoodFellas
376,346,Seven Samurai
377,12477,Grave of the Fireflies
378,637,Life Is Beautiful
379,11216,Cinema Paradiso
380,278,The Shawshank Redemption
381,238,The Godfather
382,240,The Godfather Part II
383,424,Schindler's List
384,389,12 Angry Men
385,19404,Dilwale Dulhania Le Jayenge
386,129,Spirited Away
387,155,The Dark Knight
388,496243,Parasite
389,497,The Green Mile
390,372058,Your Name.
391,680,Pulp Fiction
392,122,The Lord of the Rings: The Return of the King
393,13,Forrest Gump
394,429,"The Good, the Bad and the Ugly"
395,769,GoodFellas
396,346,Seven Samurai
397,12477,Grave of the Fireflies
398,637,Life Is Beautiful
399,11216,Cinema Paradiso
400,278,The Shawshank Redemption
401,238,The Godfather
402,240,The Godfather Part II
403,424,Schindler's List
404,389,12 Angry Men
405,19404,Dilwale Dulhania Le Jayenge
406,129,Spirited Away
407,155,The Dark Knight
408,496243,Parasite
409,497,The Green Mile
410,372058,Your Name.
411,680,Pulp Fiction
412,122,The Lord of the Rings: The Return of the King
413,13,Forrest Gump
414,429,"The Good, the Bad and the Ugly"
415,769,GoodFellas
416,346,Seven Samurai
417,12477,Grave of the Fireflies
418,637,Life Is Beautiful
419,11216,Cinema Paradiso
420,278,The Shawshank Redemption
421,238,The Godfather
422,240,The Godfather Part II
423,424,Schindler's List
424,389,12 Angry Men
425,19404,Dilwale Dulhania Le Jayenge
426,129,Spirited Away
427,155,The Dark Knight
428,496243,Parasite
429,497,The Green Mile
430,372058,Your Name.
431,680,Pulp Fiction
432,122,The Lord of the Rings: The Return of the King
433,13,Forrest Gump
434,429,"The Good, the Bad and the Ugly"
435,769,GoodFellas
436,346,Seven Samurai
437,12477,Grave of the Fireflies
438,637,Life Is Beautiful
439,11216,Cinema Paradiso
440,278,The Shawshank Redemption
441,238,The Godfather
442,240,The Godfather Part II
443,424,Schindler's List
444,389,12 Angry Men
445,19404,Dilwale Dulhania Le Jayenge
446,129,Spirited Away
447,155,The Dark Knight
448,496243,Parasite
449,497,The Green Mile
450,372058,Your Name.
451,680,Pulp Fiction
452,122,The Lord of the Rings: The Return of the King
453,13,Forrest Gump
454,429,"The Good, the Bad and the Ugly"
455,769,GoodFellas
456,346,Seven Samurai
457,12477,Grave of the Fireflies
458,637,Life Is Beautiful
459,11216,Cinema Paradiso
460,278,The Shawshank Redemption
461,238,The Godfather
462,240,The Godfather Part II
463,424,Schindler's List
464,389,12 Angry Men
465,19404,Dilwale Dulhania Le Jayenge
466,129,Spirited Away
467,155,The Dark Knight
468,496243,Parasite
469,497,The Green Mile
470,372058,Your Name.
471,680,Pulp Fiction
472,122,The Lord of the Rings: The Return of the King
473,13,Forrest Gump
474,429,"The Good, the Bad and the Ugly"
475,769,GoodFellas
476,346,Seven Samurai
477,12477,Grave of the Fireflies
478,637,Life Is Beautiful
479,11216,Cinema Paradiso
480,278,The Shawshank Redemption
481,238,The Godfather
482,240,The Godfather Part II
483,424,Schindler's List
484,389,12 Angry Men
485,19404,Dilwale Dulhania Le Jayenge
486,129,Spirited Away
487,155,The Dark Knight
488,496243,Parasite
489,497,The Green Mile
490,372058,Your Name.
491,680,Pulp Fiction
492,122,The Lord of the Rings: The Return of the King
493,13,Forrest Gump
494,429,"The Good, the Bad and the Ugly"
495,769,GoodFellas
496,346,Seven Samurai
497,12477,Grave of the Fireflies
498,637,Life Is Beautiful
499,11216,Cinema Paradiso
500,278,The Shawshank Redemption
501,238,The Godfather
502,240,The Godfather Part II
503,424,Schindler's List
504,389,12 Angry Men
505,19404,Dilwale Dulhania Le Jayenge
506,129,Spirited Away
507,155,The Dark Knight
508,496243,Parasite
509,497,The Green Mile
510,372058,Your Name.
511,680,Pulp Fiction
512,122,The Lord of the Rings: The Return of the King
513,13,Forrest Gump
514,429,"The Good, the Bad and the Ugly"
515,769,GoodFellas
516,346,Seven Samurai
517,12477,Grave of the Fireflies
518,637,Life Is Beautiful
519,11216,Cinema Paradiso
520,278,The Shawshank Redemption
521,238,The Godfather
522,240,The Godfather Part II
523,424,Schindler's List
524,389,12 Angry Men
525,19404,Dilwale Dulhania Le Jayenge
526,129,Spirited Away
527,155,The Dark Knight
528,496243,Parasite
529,497,The Green Mile
530,372058,Your Name.
531,680,Pulp Fiction
532,122,The Lord of the Rings: The Return of the King
533,13,Forrest Gump
534,429,"The Good, the Bad and the Ugly"
535,769,GoodFellas
536,346,Seven Samurai
537,12477,Grave of the Fireflies
538,637,Life Is Beautiful
539,11216,Cinema Paradiso
540,278,The Shawshank Redemption
541,238,The Godfather
542,240,The Godfather Part II
543,424,Schindler's List
544,389,12 Angry Men
545,19404,Dilwale Dulhania Le Jayenge
546,129,Spirited Away
547,155,The Dark Knight
548,496243,Parasite
549,497,The Green Mile
550,372058,Your Name.
551,680,Pulp Fiction
552,122,The Lord of the Rings: The Return of the King
553,13,Forrest Gump
554,429,"The Good, the Bad and the Ugly"
555,769,GoodFellas
556,346,Seven Samurai
557,12477,Grave of the Fireflies
558,637,Life Is Beautiful
559,11216,Cinema Paradiso
560,278,The Shawshank Redemption
561,238,The Godfather
562,240,The Godfather Part II
563,424,Schindler's List
564,389,12 Angry Men
565,19404,Dilwale Dulhania Le Jayenge
566,129,Spirited Away
567,155,The Dark Knight
568,496243,Parasite
569,497,The Green Mile
570,372058,Your Name.
571,680,Pulp Fiction
572,122,The Lord of the Rings: The Return of the King
573,13,Forrest Gump
574,429,"The Good, the Bad and the Ugly"
575,769,GoodFellas
576,346,Seven Samurai
577,12477,Grave of the Fireflies
578,637,Life Is Beautiful
579,11216,Cinema Paradiso
580,278,The Shawshank Redemption
581,238,The Godfather
582,240,The Godfather Part II
583,424,Schindler's List
584,389,12 Angry Men
585,19404,Dilwale Dulhania Le Jayenge
586,129,Spirited Away
587,155,The Dark Knight
588,496243,Parasite
589,497,The Green Mile
590,372058,Your Name.
591,680,Pulp Fiction
592,122,The Lord of the Rings: The Return of the King
593,13,Forrest Gump
594,429,"The Good, the Bad and the Ugly"
595,769,GoodFellas
596,346,Seven Samurai
597,12477,Grave of the Fireflies
598,637,Life Is Beautiful
599,11216,Cinema Paradiso
600,278,The Shawshank Redemption
601,238,The Godfather
602,240,The Godfather Part II
603,424,Schindler's List
604,389,12 Angry Men
605,19404,Dilwale Dulhania Le Jayenge
606,129,Spirited Away
607,155,The Dark Knight
608,496243,Parasite
609,497,The Green Mile
610,372058,Your Name.
611,680,Pulp Fiction
612,122,The Lord of the Rings: The Return of the King
613,13,Forrest Gump
614,429,"The Good, the Bad and the Ugly"
615,769,GoodFellas
616,346,Seven Samurai
617,12477,Grave of the Fireflies
618,637,Life Is Beautiful
619,11216,Cinema Paradiso
620,278,The Shawshank Redemption
621,238,The Godfather
622,240,The Godfather Part II
623,424,Schindler's List
624,389,12 Angry Men
625,19404,Dilwale Dulhania Le Jayenge
626,129,Spirited Away
627,155,The Dark Knight
628,496243,Parasite
629,497,The Green Mile
630,372058,Your Name.
631,680,Pulp Fiction
632,122,The Lord of the Rings: The Return of the King
633,13,Forrest Gump
634,429,"The Good, the Bad and the Ugly"
635,769,GoodFellas
636,346,Seven Samurai
637,12477,Grave of the Fireflies
638,637,Life Is Beautiful
639,11216,Cinema Paradiso
640,278,The Shawshank Redemption
641,238,The Godfather
642,240,The Godfather Part II
643,424,Schindler's List
644,389,12 Angry Men
645,19404,Dilwale Dulhania Le Jayenge
646,129,Spirited Away
647,155,The Dark Knight
648,496243,Parasite
649,497,The Green Mile
650,372058,Your Name.
651,680,Pulp Fiction
652,122,The Lord of the Rings: The Return of the King
653,13,Forrest Gump
654,429,"The Good, the Bad and the Ugly"
655,769,GoodFellas
656,346,Seven Samurai
657,12477,Grave of the Fireflies
658,637,Life Is Beautiful
659,11216,Cinema Paradiso
660,278,The Shawshank Redemption
661,238,The Godfather
662,240,The Godfather Part II
663,424,Schindler's List
664,389,12 Angry Men
665,19404,Dilwale Dulhania Le Jayenge
666,129,Spirited Away
667,155,The Dark Knight
668,496243,Parasite
669,497,The Green Mile
670,372058,Your Name.
671,680,Pulp Fiction
672,122,The Lord of the Rings: The Return of the King
673,13,Forrest Gump
674,429,"The Good, the Bad and the Ugly"
675,769,GoodFellas
676,346,Seven Samurai
677,12477,Grave of the Fireflies
678,637,Life Is Beautiful
679,11216,Cinema Paradiso
680,278,The Shawshank Redemption
681,238,The Godfather
682,240,The Godfather Part II
683,424,Schindler's List
684,389,12 Angry Men
685,19404,Dilwale Dulhania Le Jayenge
686,129,Spirited Away
687,155,The Dark Knight
688,496243,Parasite
689,497,The Green Mile
690,372058,Your Name.
691,680,Pulp Fiction
692,122,The Lord of the Rings: The Return of the King
693,13,Forrest Gump
694,429,"The Good, the Bad and the Ugly"
695,769,GoodFellas
696,346,Seven Samurai
697,12477,Grave of the Fireflies
698,637,Life Is Beautiful
699,11216,Cinema Paradiso
700,278,The Shawshank Redemption
701,238,The Godfather
702,240,The Godfather Part II
703,424,Schindler's List
704,389,12 Angry Men
705,19404,Dilwale Dulhania Le Jayenge
706,129,Spirited Away
707,155,The Dark Knight
708,496243,Parasite
709,497,The Green Mile
710,372058,Your Name.
711,680,Pulp Fiction
712,122,The Lord of the Rings: The Return of the King
713,13,Forrest Gump
714,429,"The Good, the Bad and the Ugly"
715,769,GoodFellas
716,346,Seven Samurai
717,12477,Grave of the Fireflies
718,637,Life Is Beautiful
719,11216,Cinema Paradiso
720,278,The Shawshank Redemption
721,238,The Godfather
722,240,The Godfather Part II
723,424,Schindler's List
724,389,12 Angry Men
725,19404,Dilwale Dulhania Le Jayenge
726,129,Spirited Away
727,155,The Dark Knight
728,496243,Parasite
729,497,The Green Mile
730,372058,Your Name.
731,680,Pulp Fiction
732,122,The Lord of the Rings: The Return of the King
733,13,Forrest Gump
734,429,"The Good, the Bad and the Ugly"
735,769,GoodFellas
736,346,Seven Samurai
737,12477,Grave of the Fireflies
738,637,Life Is Beautiful
739,11216,Cinema Paradiso
740,278,The Shawshank Redemption
741,238,The Godfather
742,240,The Godfather Part II
743,424,Schindler's List
744,389,12 Angry Men
745,19404,Dilwale Dulhania Le Jayenge
746,129,Spirited Away
747,155,The Dark Knight
748,496243,Parasite
749,497,The Green Mile
750,372058,Your Name.
751,680,Pulp Fiction
752,122,The Lord of the Rings: The Return of the King
753,13,Forrest Gump
754,429,"The Good, the Bad and the Ugly"
755,769,GoodFellas
756,346,Seven Samurai
757,12477,Grave of the Fireflies
758,637,Life Is Beautiful
759,11216,Cinema Paradiso
760,278,The Shawshank Redemption
761,238,The Godfather
762,240,The Godfather Part II
763,424,Schindler's List
764,389,12 Angry Men
765,19404,Dilwale Dulhania Le Jayenge
766,129,Spirited Away
767,155,The Dark Knight
768,496243,Parasite
769,497,The Green Mile
770,372058,Your Name.
771,680,Pulp Fiction
772,122,The Lord of the Rings: The Return of the King
773,13,Forrest Gump
774,429,"The Good, the Bad and the Ugly"
775,769,GoodFellas
776,346,Seven Samurai
777,12477,Grave of the Fireflies
778,637,Life Is Beautiful
779,11216,Cinema Paradiso
780,278,The Shawshank Redemption
781,238,The Godfather
782,240,The Godfather Part II
783,424,Schindler's List
784,389,12 Angry Men
785,19404,Dilwale Dulhania Le Jayenge
786,129,Spirited Away
787,155,The Dark Knight
788,496243,Parasite
789,497,The Green Mile
790,372058,Your Name.
791,680,Pulp Fiction
792,122,The Lord of the Rings: The Return of the King
793,13,Forrest Gump
794,429,"The Good, the Bad and the Ugly"
795,769,GoodFellas
796,346,Seven Samurai
797,12477,Grave of the Fireflies
798,637,Life Is Beautiful
799,11216,Cinema Paradiso
800,278,The Shawshank Redemption
801,238,The Godfather
802,240,The Godfather Part II
803,424,Schindler's List
804,389,12 Angry Men
805,19404,Dilwale Dulhania Le Jayenge
806,129,Spirited Away
807,155,The Dark Knight
808,496243,Parasite
809,497,The Green Mile
810,372058,Your Name.
811,680,Pulp Fiction
812,122,The Lord of the Rings: The Return of the King
813,13,Forrest Gump
814,429,"The Good, the Bad and the Ugly"
815,769,GoodFellas
816,346,Seven Samurai
817,12477,Grave of the Fireflies
818,637,Life Is Beautiful
819,11216,Cinema Paradiso
820,278,The Shawshank Redemption
821,238,The Godfather
822,240,The Godfather Part II
823,424,Schindler's List
824,389,12 Angry Men
825,19404,Dilwale Dulhania Le Jayenge
826,129,Spirited Away
827,155,The Dark Knight
828,496243,Parasite
829,497,The Green Mile
830,372058,Your Name.
831,680,Pulp Fiction
832,122,The Lord of the Rings: The Return of the King
833,13,Forrest Gump
834,429,"The Good, the Bad and the Ugly"
835,769,GoodFellas
836,346,Seven Samurai
837,12477,Grave of the Fireflies
838,637,Life Is Beautiful
839,11216,Cinema Paradiso
840,278,The Shawshank Redemption
841,238,The Godfather
842,240,The Godfather Part II
843,424,Schindler's List
844,389,12 Angry Men
845,19404,Dilwale Dulhania Le Jayenge
846,129,Spirited Away
847,155,The Dark Knight
848,496243,Parasite
849,497,The Green Mile
850,372058,Your Name.
851,680,Pulp Fiction
852,122,The Lord of the Rings: The Return of the King
853,13,Forrest Gump
854,429,"The Good, the Bad and the Ugly"
855,769,GoodFellas
856,346,Seven Samurai
857,12477,Grave of the Fireflies
858,637,Life Is Beautiful
859,11216,Cinema Paradiso
860,278,The Shawshank Redemption
861,238,The Godfather
862,240,The Godfather Part II
863,424,Schindler's List
864,389,12 Angry Men
865,19404,Dilwale Dulhania Le Jayenge
866,129,Spirited Away
867,155,The Dark Knight
868,496243,Parasite
869,497,The Green Mile
870,372058,Your Name.
871,680,Pulp Fiction
872,122,The Lord of the Rings: The Return of the King
873,13,Forrest Gump
874,429,"The Good, the Bad and the Ugly"
875,769,GoodFellas
876,346,Seven Samurai
877,12477,Grave of the Fireflies
878,637,Life Is Beautiful
879,11216,Cinema Paradiso
880,278,The Shawshank Redemption
881,238,The Godfather
882,240,The Godfather Part II
883,424,Schindler's List
884,389,12 Angry Men
885,19404,Dilwale Dulhania Le Jayenge
886,129,Spirited Away
887,155,The Dark Knight
888,496243,Parasite
889,497,The Green Mile
890,372058,Your Name.
891,680,Pulp Fiction
892,122,The Lord of the Rings: The Return of the King
893,13,Forrest Gump
894,429,"The Good, the Bad and the Ugly"
895,769,GoodFellas
896,346,Seven Samurai
897,12477,Grave of the Fireflies
898,637,Life Is Beautiful
899,11216,Cinema Paradiso
900,278,The Shawshank Redemption
901,238,The Godfather
902,240,The Godfather Part II
903,424,Schindler's List
904,389,12 Angry Men
905,19404,Dilwale Dulhania Le Jayenge
906,129,Spirited Away
907,155,The Dark Knight
908,496243,Parasite
909,497,The Green Mile
910,372058,Your Name.
911,680,Pulp Fiction
912,122,The Lord of the Rings: The Return of the King
913,13,Forrest Gump
914,429,"The Good, the Bad and the Ugly"
915,769,GoodFellas
916,346,Seven Samurai
917,12477,Grave of the Fireflies
918,637,Life Is Beautiful
919,11216,Cinema Paradiso
920,278,The Shawshank Redemption
921,238,The Godfather
922,240,The Godfather Part II
923,424,Schindler's List
924,389,12 Angry Men
925,19404,Dilwale Dulhania Le Jayenge
926,129,Spirited Away
927,155,The Dark Knight
928,496243,Parasite
929,497,The Green Mile
930,372058,Your Name.
931,680,Pulp Fiction
932,122,The Lord of the Rings: The Return of the King
933,13,Forrest Gump
934,429,"The Good, the Bad and the Ugly"
935,769,GoodFellas
936,346,Seven Samurai
937,12477,Grave of the Fireflies
938,637,Life Is Beautiful
939,11216,Cinema Paradiso
940,278,The Shawshank Redemption
941,238,The Godfather
942,240,The Godfather Part II
943,424,Schindler's List
944,389,12 Angry Men
945,19404,Dilwale Dulhania Le Jayenge
946,129,Spirited Away
947,155,The Dark Knight
948,496243,Parasite
949,497,The Green Mile
950,372058,Your Name.
951,680,Pulp Fiction
952,122,The Lord of the Rings: The Return of the King
953,13,Forrest Gump
954,429,"The Good, the Bad and the Ugly"
955,769,GoodFellas
956,346,Seven Samurai
957,12477,Grave of the Fireflies
958,637,Life Is Beautiful
959,11216,Cinema Paradiso
960,278,The Shawshank Redemption
961,238,The Godfather
962,240,The Godfather Part II
963,424,Schindler's List
964,389,12 Angry Men
965,19404,Dilwale Dulhania Le Jayenge
966,129,Spirited Away
967,155,The Dark Knight
968,496243,Parasite
969,497,The Green Mile
970,372058,Your Name.
971,680,Pulp Fiction
972,122,The Lord of the Rings: The Return of the King
973,13,Forrest Gump
974,429,"The Good, the Bad and the Ugly"
975,769,GoodFellas
976,346,Seven Samurai
977,12477,Grave of the Fireflies
978,637,Life Is Beautiful
979,11216,Cinema Paradiso
980,278,The Shawshank Redemption
981,238,The Godfather
982,240,The Godfather Part II
983,424,Schindler's List
984,389,12 Angry Men
985,19404,Dilwale Dulhania Le Jayenge
986,129,Spirited Away
987,155,The Dark Knight
988,496243,Parasite
989,497,The Green Mile
990,372058,Your Name.
991,680,Pulp Fiction
992,122,The Lord of the Rings: The Return of the King
993,13,Forrest Gump
994,429,"The Good, the Bad and the Ugly"
995,769,GoodFellas
996,346,Seven Samurai
997,12477,Grave of the Fireflies
998,637,Life Is Beautiful
999,11216,Cinema Paradiso
1000,278,The Shawshank Redemption
1001,238,The Godfather
1002,240,The Godfather Part II
1003,424,Schindler's List
1004,389,12 Angry Men
1005,19404,Dilwale Dulhania Le Jayenge
1006,129,Spirited Away
1007,155,The Dark Knight
1008,496243,Parasite
1009,497,The Green Mile
1010,372058,Your Name.
1011,680,Pulp Fiction
1012,122,The Lord of the Rings: The Return of the King
1013,13,Forrest Gump
1014,429,"The Good, the Bad and the Ugly"
1015,769,GoodFellas
1016,346,Seven Samurai
1017,12477,Grave of the Fireflies
1018,637,Life Is Beautiful
1019,11216,Cinema Paradiso
1020,278,The Shawshank Redemption
1021,238,The Godfather
1022,240,The Godfather Part II
1023,424,Schindler's List
1024,389,12 Angry Men
1025,19404,Dilwale Dulhania Le Jayenge
1026,129,Spirited Away
1027,155,The Dark Knight
1028,496243,Parasite
1029,497,The Green Mile
1030,372058,Your Name.
1031,680,Pulp Fiction
1032,122,The Lord of the Rings: The Return of the King
1033,13,Forrest Gump
1034,429,"The Good, the Bad and the Ugly"
1035,769,GoodFellas
1036,346,Seven Samurai
1037,12477,Grave of the Fireflies
1038,637,Life Is Beautiful
1039,11216,Cinema Paradiso
1040,278,The Shawshank Redemption
1041,238,The Godfather
1042,240,The Godfather Part II
1043,424,Schindler's List
1044,389,12 Angry Men
1045,19404,Dilwale Dulhania Le Jayenge
1046,129,Spirited Away
1047,155,The Dark Knight
1048,496243,Parasite
1049,497,The Green Mile
1050,372058,Your Name.
1051,680,Pulp Fiction
1052,122,The Lord of the Rings: The Return of the King
1053,13,Forrest Gump
1054,429,"The Good, the Bad and the Ugly"
1055,769,GoodFellas
1056,346,Seven Samurai
1057,12477,Grave of the Fireflies
1058,637,Life Is Beautiful
1059,11216,Cinema Paradiso
1060,278,The Shawshank Redemption
1061,238,The Godfather
1062,240,The Godfather Part II
1063,424,Schindler's List
1064,389,12 Angry Men
1065,19404,Dilwale Dulhania Le Jayenge
1066,129,Spirited Away
1067,155,The Dark Knight
1068,496243,Parasite
1069,497,The Green Mile
1070,372058,Your Name.
1071,680,Pulp Fiction
1072,122,The Lord of the Rings: The Return of the King
1073,13,Forrest Gump
1074,429,"The Good, the Bad and the Ugly"
1075,769,GoodFellas
1076,346,Seven Samurai
1077,12477,Grave of the Fireflies
1078,637,Life Is Beautiful
1079,11216,Cinema Paradiso
1080,278,The Shawshank Redemption
1081,238,The Godfather
1082,240,The Godfather Part II
1083,424,Schindler's List
1084,389,12 Angry Men
1085,19404,Dilwale Dulhania Le Jayenge
1086,129,Spirited Away
1087,155,The Dark Knight
1088,496243,Parasite
1089,497,The Green Mile
1090,372058,Your Name.
1091,680,Pulp Fiction
1092,122,The Lord of the Rings: The Return of the King
1093,13,Forrest Gump
1094,429,"The Good, the Bad and the Ugly"
1095,769,GoodFellas
1096,346,Seven Samurai
1097,12477,Grave of the Fireflies
1098,637,Life Is Beautiful
1099,11216,Cinema Paradiso
1100,278,The Shawshank Redemption
1101,238,The Godfather
1102,240,The Godfather Part II
1103,424,Schindler's List
1104,389,12 Angry Men
1105,19404,Dilwale Dulhania Le Jayenge
1106,129,Spirited Away
1107,155,The Dark Knight
1108,496243,Parasite
1109,497,The Green Mile
1110,372058,Your Name.
1111,680,Pulp Fiction
1112,122,The Lord of the Rings: The Return of the King
1113,13,Forrest Gump
1114,429,"The Good, the Bad and the Ugly"
1115,769,GoodFellas
1116,346,Seven Samurai
1117,12477,Grave of the Fireflies
1118,637,Life Is Beautiful
1119,11216,Cinema Paradiso
1120,278,The Shawshank Redemption
1121,238,The Godfather
1122,240,The Godfather Part II
1123,424,Schindler's List
1124,389,12 Angry Men
1125,19404,Dilwale Dulhania Le Jayenge
1126,129,Spirited Away
1127,155,The Dark Knight
1128,496243,Parasite
1129,497,The Green Mile
1130,372058,Your Name.
1131,680,Pulp Fiction
1132,122,The Lord of the Rings: The Return of the King
1133,13,Forrest Gump
1134,429,"The Good, the Bad and the Ugly"
1135,769,GoodFellas
1136,346,Seven Samurai
1137,12477,Grave of the Fireflies
1138,637,Life Is Beautiful
1139,11216,Cinema Paradiso
1140,278,The Shawshank Redemption
1141,238,The Godfather
1142,240,The Godfather Part II
1143,424,Schindler's List
1144,389,12 Angry Men
1145,19404,Dilwale Dulhania Le Jayenge
1146,129,Spirited Away
1147,155,The Dark Knight
1148,496243,Parasite
1149,497,The Green Mile
1150,372058,Your Name.
1151,680,Pulp Fiction
1152,122,The Lord of the Rings: The Return of the King
1153,13,Forrest Gump
1154,429,"The Good, the Bad and the Ugly"
1155,769,GoodFellas
1156,346,Seven Samurai
1157,12477,Grave of the Fireflies
1158,637,Life Is Beautiful
1159,11216,Cinema Paradiso
1160,278,The Shawshank Redemption
1161,238,The Godfather
1162,240,The Godfather Part II
1163,424,Schindler's List
1164,389,12 Angry Men
1165,19404,Dilwale Dulhania Le Jayenge
1166,129,Spirited Away
1167,155,The Dark Knight
1168,496243,Parasite
1169,497,The Green Mile
1170,372058,Your Name.
1171,680,Pulp Fiction
1172,122,The Lord of the Rings: The Return of the King
1173,13,Forrest Gump
1174,429,"The Good, the Bad and the Ugly"
1175,769,GoodFellas
1176,346,Seven Samurai
1177,12477,Grave of the Fireflies
1178,637,Life Is Beautiful
1179,11216,Cinema Paradiso
1180,278,The Shawshank Redemption
1181,238,The Godfather
1182,240,The Godfather Part II
1183,424,Schindler's List
1184,389,12 Angry Men
1185,19404,Dilwale Dulhania Le Jayenge
1186,129,Spirited Away
1187,155,The Dark Knight
1188,496243,Parasite
1189,497,The Green Mile
1190,372058,Your Name.
1191,680,Pulp Fiction
1192,122,The Lord of the Rings: The Return of the King
1193,13,Forrest Gump
1194,429,"The Good, the Bad and the Ugly"
1195,769,GoodFellas
1196,346,Seven Samurai
1197,12477,Grave of the Fireflies
1198,637,Life Is Beautiful
1199,11216,Cinema Paradiso
1200,278,The Shawshank Redemption
1201,238,The Godfather
1202,240,The Godfather Part II
1203,424,Schindler's List
1204,389,12 Angry Men
1205,19404,Dilwale Dulhania Le Jayenge
1206,129,Spirited Away
1207,155,The Dark Knight
1208,496243,Parasite
1209,497,The Green Mile
1210,372058,Your Name.
1211,680,Pulp Fiction
1212,122,The Lord of the Rings: The Return of the King
1213,13,Forrest Gump
1214,429,"The Good, the Bad and the Ugly"
1215,769,GoodFellas
1216,346,Seven Samurai
1217,12477,Grave of the Fireflies
1218,637,Life Is Beautiful
1219,11216,Cinema Paradiso
1220,278,The Shawshank Redemption
1221,238,The Godfather
1222,240,The Godfather Part II
1223,424,Schindler's List
1224,389,12 Angry Men
1225,19404,Dilwale Dulhania Le Jayenge
1226,129,Spirited Away
1227,155,The Dark Knight
1228,496243,Parasite
1229,497,The Green Mile
1230,372058,Your Name.
1231,680,Pulp Fiction
1232,122,The Lord of the Rings: The Return of the King
1233,13,Forrest Gump
1234,429,"The Good, the Bad and the Ugly"
1235,769,GoodFellas
1236,346,Seven Samurai
1237,12477,Grave of the Fireflies
1238,637,Life Is Beautiful
1239,11216,Cinema Paradiso
1240,278,The Shawshank Redemption
1241,238,The Godfather
1242,240,The Godfather Part II
1243,424,Schindler's List
1244,389,12 Angry Men
1245,19404,Dilwale Dulhania Le Jayenge
1246,129,Spirited Away
1247,155,The Dark Knight
1248,496243,Parasite
1249,497,The Green Mile
1250,372058,Your Name.
1251,680,Pulp Fiction
1252,122,The Lord of the Rings: The Return of the King
1253,13,Forrest Gump
1254,429,"The Good, the Bad and the Ugly"
1255,769,GoodFellas
1256,346,Seven Samurai
1257,12477,Grave of the Fireflies
1258,637,Life Is Beautiful
1259,11216,Cinema Paradiso
1260,278,The Shawshank Redemption
1261,238,The Godfather
1262,240,The Godfather Part II
1263,424,Schindler's List
1264,389,12 Angry Men
1265,19404,Dilwale Dulhania Le Jayenge
1266,129,Spirited Away
1267,155,The Dark Knight
1268,496243,Parasite
1269,497,The Green Mile
1270,372058,Your Name.
1271,680,Pulp Fiction
1272,122,The Lord of the Rings: The Return of the King
1273,13,Forrest Gump
1274,429,"The Good, the Bad and the Ugly"
1275,769,GoodFellas
1276,346,Seven Samurai
1277,12477,Grave of the Fireflies
1278,637,Life Is Beautiful
1279,11216,Cinema Paradiso
1280,278,The Shawshank Redemption
1281,238,The Godfather
1282,240,The Godfather Part II
1283,424,Schindler's List
1284,389,12 Angry Men
1285,19404,Dilwale Dulhania Le Jayenge
1286,129,Spirited Away
1287,155,The Dark Knight
1288,496243,Parasite
1289,497,The Green Mile
1290,372058,Your Name.
1291,680,Pulp Fiction
1292,122,The Lord of the Rings: The Return of the King
1293,13,Forrest Gump
1294,429,"The Good, the Bad and the Ugly"
1295,769,GoodFellas
1296,346,Seven Samurai
1297,12477,Grave of the Fireflies
1298,637,Life Is Beautiful
1299,11216,Cinema Paradiso
1300,278,The Shawshank Redemption
1301,238,The Godfather
1302,240,The Godfather Part II
1303,424,Schindler's List
1304,389,12 Angry Men
1305,19404,Dilwale Dulhania Le Jayenge
1306,129,Spirited Away
1307,155,The Dark Knight
1308,496243,Parasite
1309,497,The Green Mile
1310,372058,Your Name.
1311,680,Pulp Fiction
1312,122,The Lord of the Rings: The Return of the King
1313,13,Forrest Gump
1314,429,"The Good, the Bad and the Ugly"
1315,769,GoodFellas
1316,346,Seven Samurai
1317,12477,Grave of the Fireflies
1318,637,Life Is Beautiful
1319,11216,Cinema Paradiso
1320,278,The Shawshank Redemption
1321,238,The Godfather
1322,240,The Godfather Part II
1323,424,Schindler's List
1324,389,12 Angry Men
1325,19404,Dilwale Dulhania Le Jayenge
1326,129,Spirited Away
1327,155,The Dark Knight
1328,496243,Parasite
1329,497,The Green Mile
1330,372058,Your Name.
1331,680,Pulp Fiction
1332,122,The Lord of the Rings: The Return of the King
1333,13,Forrest Gump
1334,429,"The Good, the Bad and the Ugly"
1335,769,GoodFellas
1336,346,Seven Samurai
1337,12477,Grave of the Fireflies
1338,637,Life Is Beautiful
1339,11216,Cinema Paradiso
1340,278,The Shawshank Redemption
1341,238,The Godfather
1342,240,The Godfather Part II
1343,424,Schindler's List
1344,389,12 Angry Men
1345,19404,Dilwale Dulhania Le Jayenge
1346,129,Spirited Away
1347,155,The Dark Knight
1348,496243,Parasite
1349,497,The Green Mile
1350,372058,Your Name.
1351,680,Pulp Fiction
1352,122,The Lord of the Rings: The Return of the King
1353,13,Forrest Gump
1354,429,"The Good, the Bad and the Ugly"
1355,769,GoodFellas
1356,346,Seven Samurai
1357,12477,Grave of the Fireflies
1358,637,Life Is Beautiful
1359,11216,Cinema Paradiso
1360,278,The Shawshank Redemption
1361,238,The Godfather
1362,240,The Godfather Part II
1363,424,Schindler's List
1364,389,12 Angry Men
1365,19404,Dilwale Dulhania Le Jayenge
1366,129,Spirited Away
1367,155,The Dark Knight
1368,496243,Parasite
1369,497,The Green Mile
1370,372058,Your Name.
1371,680,Pulp Fiction
1372,122,The Lord of the Rings: The Return of the King
1373,13,Forrest Gump
1374,429,"The Good, the Bad and the Ugly"
1375,769,GoodFellas
1376,346,Seven Samurai
1377,12477,Grave of the Fireflies
1378,637,Life Is Beautiful
1379,11216,Cinema Paradiso
1380,278,The Shawshank Redemption
1381,238,The Godfather
1382,240,The Godfather Part II
1383,424,Schindler's List
1384,389,12 Angry Men
1385,19404,Dilwale Dulhania Le Jayenge
1386,129,Spirited Away
1387,155,The Dark Knight
1388,496243,Parasite
1389,497,The Green Mile
1390,372058,Your Name.
1391,680,Pulp Fiction
1392,122,The Lord of the Rings: The Return of the King
1393,13,Forrest Gump
1394,429,"The Good, the Bad and the Ugly"
1395,769,GoodFellas
1396,346,Seven Samurai
1397,12477,Grave of the Fireflies
1398,637,Life Is Beautiful
1399,11216,Cinema Paradiso
1400,278,The Shawshank Redemption
1401,238,The Godfather
1402,240,The Godfather Part II
1403,424,Schindler's List
1404,389,12 Angry Men
1405,19404,Dilwale Dulhania Le Jayenge
1406,129,Spirited Away
1407,155,The Dark Knight
1408,496243,Parasite
1409,497,The Green Mile
1410,372058,Your Name.
1411,680,Pulp Fiction
1412,122,The Lord of the Rings: The Return of the King
1413,13,Forrest Gump
1414,429,"The Good, the Bad and the Ugly"
1415,769,GoodFellas
1416,346,Seven Samurai
1417,12477,Grave of the Fireflies
1418,637,Life Is Beautiful
1419,11216,Cinema Paradiso
1420,278,The Shawshank Redemption
1421,238,The Godfather
1422,240,The Godfather Part II
1423,424,Schindler's List
1424,389,12 Angry Men
1425,19404,Dilwale Dulhania Le Jayenge
1426,129,Spirited Away
1427,155,The Dark Knight
1428,496243,Parasite
1429,497,The Green Mile
1430,372058,Your Name.
1431,680,Pulp Fiction
1432,122,The Lord of the Rings: The Return of the King
1433,13,Forrest Gump
1434,429,"The Good, the Bad and the Ugly"
1435,769,GoodFellas
1436,346,Seven Samurai
1437,12477,Grave of the Fireflies
1438,637,Life Is Beautiful
1439,11216,Cinema Paradiso
1440,278,The Shawshank Redemption
1441,238,The Godfather
1442,240,The Godfather Part II
1443,424,Schindler's List
1444,389,12 Angry Men
1445,19404,Dilwale Dulhania Le Jayenge
1446,129,Spirited Away
1447,155,The Dark Knight
1448,496243,Parasite
1449,497,The Green Mile
1450,372058,Your Name.
1451,680,Pulp Fiction
1452,122,The Lord of the Rings: The Return of the King
1453,13,Forrest Gump
1454,429,"The Good, the Bad and the Ugly"
1455,769,GoodFellas
1456,346,Seven Samurai
1457,12477,Grave of the Fireflies
1458,637,Life Is Beautiful
1459,11216,Cinema Paradiso
1460,278,The Shawshank Redemption
1461,238,The Godfather
1462,240,The Godfather Part II
1463,424,Schindler's List
1464,389,12 Angry Men
1465,19404,Dilwale Dulhania Le Jayenge
1466,129,Spirited Away
1467,155,The Dark Knight
1468,496243,Parasite
1469,497,The Green Mile
1470,372058,Your Name.
1471,680,Pulp Fiction
1472,122,The Lord of the Rings: The Return of the King
1473,13,Forrest Gump
1474,429,"The Good, the Bad and the Ugly"
1475,769,GoodFellas
1476,346,Seven Samurai
1477,12477,Grave of the Fireflies
1478,637,Life Is Beautiful
1479,11216,Cinema Paradiso
1480,278,The Shawshank Redemption
1481,238,The Godfather
1482,240,The Godfather Part II
1483,424,Schindler's List
1484,389,12 Angry Men
1485,19404,Dilwale Dulhania Le Jayenge
1486,129,Spirited Away
1487,155,The Dark Knight
1488,496243,Parasite
1489,497,The Green Mile
1490,372058,Your Name.
1491,680,Pulp Fiction
1492,122,The Lord of the Rings: The Return of the King
1493,13,Forrest Gump
1494,429,"The Good, the Bad and the Ugly"
1495,769,GoodFellas
1496,346,Seven Samurai
1497,12477,Grave of the Fireflies
1498,637,Life Is Beautiful
1499,11216,Cinema Paradiso
1500,278,The Shawshank Redemption
1501,238,The Godfather
1502,240,The Godfather Part II
1503,424,Schindler's List
1504,389,12 Angry Men
1505,19404,Dilwale Dulhania Le Jayenge
1506,129,Spirited Away
1507,155,The Dark Knight
1508,496243,Parasite
1509,497,The Green Mile
1510,372058,Your Name.
1511,680,Pulp Fiction
1512,122,The Lord of the Rings: The Return of the King
1513,13,Forrest Gump
1514,429,"The Good, the Bad and the Ugly"
1515,769,GoodFellas
1516,346,Seven Samurai
1517,12477,Grave of the Fireflies
1518,637,Life Is Beautiful
1519,11216,Cinema Paradiso
1520,278,The Shawshank Redemption
1521,238,The Godfather
1522,240,The Godfather Part II
1523,424,Schindler's List
1524,389,12 Angry Men
1525,19404,Dilwale Dulhania Le Jayenge
1526,129,Spirited Away
1527,155,The Dark Knight
1528,496243,Parasite
1529,497,The Green Mile
1530,372058,Your Name.
1531,680,Pulp Fiction
1532,122,The Lord of the Rings: The Return of the King
1533,13,Forrest Gump
1534,429,"The Good, the Bad and the Ugly"
1535,769,GoodFellas
1536,346,Seven Samurai
1537,12477,Grave of the Fireflies
1538,637,Life Is Beautiful
1539,11216,Cinema Paradiso
1540,278,The Shawshank Redemption
1541,238,The Godfather
1542,240,The Godfather Part II
1543,424,Schindler's List
1544,389,12 Angry Men
1545,19404,Dilwale Dulhania Le Jayenge
1546,129,Spirited Away
1547,155,The Dark Knight
1548,496243,Parasite
1549,497,The Green Mile
1550,372058,Your Name.
1551,680,Pulp Fiction
1552,122,The Lord of the Rings: The Return of the King
1553,13,Forrest Gump
1554,429,"The Good, the Bad and the Ugly"
1555,769,GoodFellas
1556,346,Seven Samurai
1557,12477,Grave of the Fireflies
1558,637,Life Is Beautiful
1559,11216,Cinema Paradiso
1560,278,The Shawshank Redemption
1561,238,The Godfather
1562,240,The Godfather Part II
1563,424,Schindler's List
1564,389,12 Angry Men
1565,19404,Dilwale Dulhania Le Jayenge
1566,129,Spirited Away
1567,155,The Dark Knight
1568,496243,Parasite
1569,497,The Green Mile
1570,372058,Your Name.
1571,680,Pulp Fiction
1572,122,The Lord of the Rings: The Return of the King
1573,13,Forrest Gump
1574,429,"The Good, the Bad and the Ugly"
1575,769,GoodFellas
1576,346,Seven Samurai
1577,12477,Grave of the Fireflies
1578,637,Life Is Beautiful
1579,11216,Cinema Paradiso
1580,278,The Shawshank Redemption
1581,238,The Godfather
1582,240,The Godfather Part II
1583,424,Schindler's List
1584,389,12 Angry Men
1585,19404,Dilwale Dulhania Le Jayenge
1586,129,Spirited Away
1587,155,The Dark Knight
1588,496243,Parasite
1589,497,The Green Mile
1590,372058,Your Name.
1591,680,Pulp Fiction
1592,122,The Lord of the Rings: The Return of the King
1593,13,Forrest Gump
1594,429,"The Good, the Bad and the Ugly"
1595,769,GoodFellas
1596,346,Seven Samurai
1597,12477,Grave of the Fireflies
1598,637,Life Is Beautiful
1599,11216,Cinema Paradiso
1600,278,The Shawshank Redemption
1601,238,The Godfather
1602,240,The Godfather Part II
1603,424,Schindler's List
1604,389,12 Angry Men
1605,19404,Dilwale Dulhania Le Jayenge
1606,129,Spirited Away
1607,155,The Dark Knight
1608,496243,Parasite
1609,497,The Green Mile
1610,372058,Your Name.
1611,680,Pulp Fiction
1612,122,The Lord of the Rings: The Return of the King
1613,13,Forrest Gump
1614,429,"The Good, the Bad and the Ugly"
1615,769,GoodFellas
1616,346,Seven Samurai
1617,12477,Grave of the Fireflies
1618,637,Life Is Beautiful
1619,11216,Cinema Paradiso
1620,278,The Shawshank Redemption
1621,238,The Godfather
1622,240,The Godfather Part II
1623,424,Schindler's List
1624,389,12 Angry Men
1625,19404,Dilwale Dulhania Le Jayenge
1626,129,Spirited Away
1627,155,The Dark Knight
1628,496243,Parasite
1629,497,The Green Mile
1630,372058,Your Name.
1631,680,Pulp Fiction
1632,122,The Lord of the Rings: The Return of the King
1633,13,Forrest Gump
1634,429,"The Good, the Bad and the Ugly"
1635,769,GoodFellas
1636,346,Seven Samurai
1637,12477,Grave of the Fireflies
1638,637,Life Is Beautiful
1639,11216,Cinema Paradiso
1640,278,The Shawshank Redemption
1641,238,The Godfather
1642,240,The Godfather Part II
1643,424,Schindler's List
1644,389,12 Angry Men
1645,19404,Dilwale Dulhania Le Jayenge
1646,129,Spirited Away
1647,155,The Dark Knight
1648,496243,Parasite
1649,497,The Green Mile
1650,372058,Your Name.
1651,680,Pulp Fiction
1652,122,The Lord of the Rings: The Return of the King
1653,13,Forrest Gump
1654,429,"The Good, the Bad and the Ugly"
1655,769,GoodFellas
1656,346,Seven Samurai
1657,12477,Grave of the Fireflies
1658,637,Life Is Beautiful
1659,11216,Cinema Paradiso
1660,278,The Shawshank Redemption
1661,238,The Godfather
1662,240,The Godfather Part II
1663,424,Schindler's List
1664,389,12 Angry Men
1665,19404,Dilwale Dulhania Le Jayenge
1666,129,Spirited Away
1667,155,The Dark Knight
1668,496243,Parasite
1669,497,The Green Mile
1670,372058,Your Name.
1671,680,Pulp Fiction
1672,122,The Lord of the Rings: The Return of the King
1673,13,Forrest Gump
1674,429,"The Good, the Bad and the Ugly"
1675,769,GoodFellas
1676,346,Seven Samurai
1677,12477,Grave of the Fireflies
1678,637,Life Is Beautiful
1679,11216,Cinema Paradiso
1680,278,The Shawshank Redemption
1681,238,The Godfather
1682,240,The Godfather Part II
1683,424,Schindler's List
1684,389,12 Angry Men
1685,19404,Dilwale Dulhania Le Jayenge
1686,129,Spirited Away
1687,155,The Dark Knight
1688,496243,Parasite
1689,497,The Green Mile
1690,372058,Your Name.
1691,680,Pulp Fiction
1692,122,The Lord of the Rings: The Return of the King
1693,13,Forrest Gump
1694,429,"The Good, the Bad and the Ugly"
1695,769,GoodFellas
1696,346,Seven Samurai
1697,12477,Grave of the Fireflies
1698,637,Life Is Beautiful
1699,11216,Cinema Paradiso
1700,278,The Shawshank Redemption
1701,238,The Godfather
1702,240,The Godfather Part II
1703,424,Schindler's List
1704,389,12 Angry Men
1705,19404,Dilwale Dulhania Le Jayenge
1706,129,Spirited Away
1707,155,The Dark Knight
1708,496243,Parasite
1709,497,The Green Mile
1710,372058,Your Name.
1711,680,Pulp Fiction
1712,122,The Lord of the Rings: The Return of the King
1713,13,Forrest Gump
1714,429,"The Good, the Bad and the Ugly"
1715,769,GoodFellas
1716,346,Seven Samurai
1717,12477,Grave of the Fireflies
1718,637,Life Is Beautiful
1719,11216,Cinema Paradiso
1720,278,The Shawshank Redemption
1721,238,The Godfather
1722,240,The Godfather Part II
1723,424,Schindler's List
1724,389,12 Angry Men
1725,19404,Dilwale Dulhania Le Jayenge
1726,129,Spirited Away
1727,155,The Dark Knight
1728,496243,Parasite
1729,497,The Green Mile
1730,372058,Your Name.
1731,680,Pulp Fiction
1732,122,The Lord of the Rings: The Return of the King
1733,13,Forrest Gump
1734,429,"The Good, the Bad and the Ugly"
1735,769,GoodFellas
1736,346,Seven Samurai
1737,12477,Grave of the Fireflies
1738,637,Life Is Beautiful
1739,11216,Cinema Paradiso
1740,278,The Shawshank Redemption
1741,238,The Godfather
1742,240,The Godfather Part II
1743,424,Schindler's List
1744,389,12 Angry Men
1745,19404,Dilwale Dulhania Le Jayenge
1746,129,Spirited Away
1747,155,The Dark Knight
1748,496243,Parasite
1749,497,The Green Mile
1750,372058,Your Name.
1751,680,Pulp Fiction
1752,122,The Lord of the Rings: The Return of the King
1753,13,Forrest Gump
1754,429,"The Good, the Bad and the Ugly"
1755,769,GoodFellas
1756,346,Seven Samurai
1757,12477,Grave of the Fireflies
1758,637,Life Is Beautiful
1759,11216,Cinema Paradiso
1760,278,The Shawshank Redemption
1761,238,The Godfather
1762,240,The Godfather Part II
1763,424,Schindler's List
1764,389,12 Angry Men
1765,19404,Dilwale Dulhania Le Jayenge
1766,129,Spirited Away
1767,155,The Dark Knight
1768,496243,Parasite
1769,497,The Green Mile
1770,372058,Your Name.
1771,680,Pulp Fiction
1772,122,The Lord of the Rings: The Return of the King
1773,13,Forrest Gump
1774,429,"The Good, the Bad and the Ugly"
1775,769,GoodFellas
1776,346,Seven Samurai
1777,12477,Grave of the Fireflies
1778,637,Life Is Beautiful
1779,11216,Cinema Paradiso
1780,278,The Shawshank Redemption
1781,238,The Godfather
1782,240,The Godfather Part II
1783,424,Schindler's List
1784,389,12 Angry Men
1785,19404,Dilwale Dulhania Le Jayenge
1786,129,Spirited Away
1787,155,The Dark Knight
1788,496243,Parasite
1789,497,The Green Mile
1790,372058,Your Name.
1791,680,Pulp Fiction
1792,122,The Lord of the Rings: The Return of the King
1793,13,Forrest Gump
1794,429,"The Good, the Bad and the Ugly"
1795,769,GoodFellas
1796,346,Seven Samurai
1797,12477,Grave of the Fireflies
1798,637,Life Is Beautiful
1799,11216,Cinema Paradiso
1800,278,The Shawshank Redemption
1801,238,The Godfather
1802,240,The Godfather Part II
1803,424,Schindler's List
1804,389,12 Angry Men
1805,19404,Dilwale Dulhania Le Jayenge
1806,129,Spirited Away
1807,155,The Dark Knight
1808,496243,Parasite
1809,497,The Green Mile
1810,372058,Your Name.
1811,680,Pulp Fiction
1812,122,The Lord of the Rings: The Return of the King
1813,13,Forrest Gump
1814,429,"The Good, the Bad and the Ugly"
1815,769,GoodFellas
1816,346,Seven Samurai
1817,12477,Grave of the Fireflies
1818,637,Life Is Beautiful
1819,11216,Cinema Paradiso
1820,278,The Shawshank Redemption
1821,238,The Godfather
1822,240,The Godfather Part II
1823,424,Schindler's List
1824,389,12 Angry Men
1825,19404,Dilwale Dulhania Le Jayenge
1826,129,Spirited Away
1827,155,The Dark Knight
1828,496243,Parasite
1829,497,The Green Mile
1830,372058,Your Name.
1831,680,Pulp Fiction
1832,122,The Lord of the Rings: The Return of the King
1833,13,Forrest Gump
1834,429,"The Good, the Bad and the Ugly"
1835,769,GoodFellas
1836,346,Seven Samurai
1837,12477,Grave of the Fireflies
1838,637,Life Is Beautiful
1839,11216,Cinema Paradiso
1840,278,The Shawshank Redemption
1841,238,The Godfather
1842,240,The Godfather Part II
1843,424,Schindler's List
1844,389,12 Angry Men
1845,19404,Dilwale Dulhania Le Jayenge
1846,129,Spirited Away
1847,155,The Dark Knight
1848,496243,Parasite
1849,497,The Green Mile
1850,372058,Your Name.
1851,680,Pulp Fiction
1852,122,The Lord of the Rings: The Return of the King
1853,13,Forrest Gump
1854,429,"The Good, the Bad and the Ugly"
1855,769,GoodFellas
1856,346,Seven Samurai
1857,12477,Grave of the Fireflies
1858,637,Life Is Beautiful
1859,11216,Cinema Paradiso
1860,278,The Shawshank Redemption
1861,238,The Godfather
1862,240,The Godfather Part II
1863,424,Schindler's List
1864,389,12 Angry Men
1865,19404,Dilwale Dulhania Le Jayenge
1866,129,Spirited Away
1867,155,The Dark Knight
1868,496243,Parasite
1869,497,The Green Mile
1870,372058,Your Name.
1871,680,Pulp Fiction
1872,122,The Lord of the Rings: The Return of the King
1873,13,Forrest Gump
1874,429,"The Good, the Bad and the Ugly"
1875,769,GoodFellas
1876,346,Seven Samurai
1877,12477,Grave of the Fireflies
1878,637,Life Is Beautiful
1879,11216,Cinema Paradiso
1880,278,The Shawshank Redemption
1881,238,The Godfather
1882,240,The Godfather Part II
1883,424,Schindler's List
1884,389,12 Angry Men
1885,19404,Dilwale Dulhania Le Jayenge
1886,129,Spirited Away
1887,155,The Dark Knight
1888,496243,Parasite
1889,497,The Green Mile
1890,372058,Your Name.
1891,680,Pulp Fiction
1892,122,The Lord of the Rings: The Return of the King
1893,13,Forrest Gump
1894,429,"The Good, the Bad and the Ugly"
1895,769,GoodFellas
1896,346,Seven Samurai
1897,12477,Grave of the Fireflies
1898,637,Life Is Beautiful
1899,11216,Cinema Paradiso
1900,278,The Shawshank Redemption
1901,238,The Godfather
1902,240,The Godfather Part II
1903,424,Schindler's List
1904,389,12 Angry Men
1905,19404,Dilwale Dulhania Le Jayenge
1906,129,Spirited Away
1907,155,The Dark Knight
1908,496243,Parasite
1909,497,The Green Mile
1910,372058,Your Name.
1911,680,Pulp Fiction
1912,122,The Lord of the Rings: The Return of the King
1913,13,Forrest Gump
1914,429,"The Good, the Bad and the Ugly"
1915,769,GoodFellas
1916,346,Seven Samurai
1917,12477,Grave of the Fireflies
1918,637,Life Is Beautiful
1919,11216,Cinema Paradiso
1920,278,The Shawshank Redemption
1921,238,The Godfather
1922,240,The Godfather Part II
1923,424,Schindler's List
1924,389,12 Angry Men
1925,19404,Dilwale Dulhania Le Jayenge
1926,129,Spirited Away
1927,155,The Dark Knight
1928,496243,Parasite
1929,497,The Green Mile
1930,372058,Your Name.
1931,680,Pulp Fiction
1932,122,The Lord of the Rings: The Return of the King
1933,13,Forrest Gump
1934,429,"The Good, the Bad and the Ugly"
1935,769,GoodFellas
1936,346,Seven Samurai
1937,12477,Grave of the Fireflies
1938,637,Life Is Beautiful
1939,11216,Cinema Paradiso
1940,278,The Shawshank Redemption
1941,238,The Godfather
1942,240,The Godfather Part II
1943,424,Schindler's List
1944,389,12 Angry Men
1945,19404,Dilwale Dulhania Le Jayenge
1946,129,Spirited Away
1947,155,The Dark Knight
1948,496243,Parasite
1949,497,The Green Mile
1950,372058,Your Name.
1951,680,Pulp Fiction
1952,122,The Lord of the Rings: The Return of the King
1953,13,Forrest Gump
1954,429,"The Good, the Bad and the Ugly"
1955,769,GoodFellas
1956,346,Seven Samurai
1957,12477,Grave of the Fireflies
1958,637,Life Is Beautiful
1959,11216,Cinema Paradiso
1960,278,The Shawshank Redemption
1961,238,The Godfather
1962,240,The Godfather Part II
1963,424,Schindler's List
1964,389,12 Angry Men
1965,19404,Dilwale Dulhania Le Jayenge
1966,129,Spirited Away
1967,155,The Dark Knight
1968,496243,Parasite
1969,497,The Green Mile
1970,372058,Your Name.
1971,680,Pulp Fiction
1972,122,The Lord of the Rings: The Return of the King
1973,13,Forrest Gump
1974,429,"The Good, the Bad and the Ugly"
1975,769,GoodFellas
1976,346,Seven Samurai
1977,12477,Grave of the Fireflies
1978,637,Life Is Beautiful
1979,11216,Cinema Paradiso
